-- phpMyAdmin SQL Dump
-- version 4.9.1
-- https://www.phpmyadmin.net/
--
-- Host: 127.0.0.1
-- Generation Time: Dec 18, 2019 at 02:52 AM
-- Server version: 10.4.8-MariaDB
-- PHP Version: 7.1.33

SET SQL_MODE = "NO_AUTO_VALUE_ON_ZERO";
SET AUTOCOMMIT = 0;
START TRANSACTION;
SET time_zone = "+00:00";


/*!40101 SET @OLD_CHARACTER_SET_CLIENT=@@CHARACTER_SET_CLIENT */;
/*!40101 SET @OLD_CHARACTER_SET_RESULTS=@@CHARACTER_SET_RESULTS */;
/*!40101 SET @OLD_COLLATION_CONNECTION=@@COLLATION_CONNECTION */;
/*!40101 SET NAMES utf8mb4 */;

--
-- Database: `dbhunter1`
--

-- --------------------------------------------------------

--
-- Table structure for table `chitietdondathang`
--

CREATE TABLE `chitietdondathang` (
  `GiaBan` int(11) DEFAULT NULL,
  `SoLuong` int(11) DEFAULT NULL,
  `MaChiTietDonDatHang` varchar(11) COLLATE utf8_unicode_ci NOT NULL,
  `MaDonDatHang` varchar(9) COLLATE utf8_unicode_ci NOT NULL,
  `MaSanPham` int(11) NOT NULL
) ENGINE=InnoDB DEFAULT CHARSET=utf8 COLLATE=utf8_unicode_ci;

-- --------------------------------------------------------

--
-- Table structure for table `dondathang`
--

CREATE TABLE `dondathang` (
  `MaDonDatHang` varchar(9) COLLATE utf8_unicode_ci NOT NULL,
  `NgayLap` datetime DEFAULT NULL,
  `TongThanhTien` int(11) DEFAULT NULL,
  `MaTaiKhoan` int(11) NOT NULL,
  `MaTinhTrang` int(11) NOT NULL
) ENGINE=InnoDB DEFAULT CHARSET=utf8 COLLATE=utf8_unicode_ci;

-- --------------------------------------------------------

--
-- Table structure for table `hangsanxuat`
--

CREATE TABLE `hangsanxuat` (
  `MaHangSanXuat` int(11) NOT NULL,
  `TenHangSanXuat` varchar(64) COLLATE utf8_unicode_ci DEFAULT NULL,
  `LogoURL` varchar(45) COLLATE utf8_unicode_ci DEFAULT NULL,
  `BiXoa` tinyint(1) DEFAULT 0
) ENGINE=InnoDB DEFAULT CHARSET=utf8 COLLATE=utf8_unicode_ci;

--
-- Dumping data for table `hangsanxuat`
--

INSERT INTO `hangsanxuat` (`MaHangSanXuat`, `TenHangSanXuat`, `LogoURL`, `BiXoa`) VALUES
(1, 'iphone', 'iphone.jpg', 0),
(2, 'Samsung', 'samsung.jpg', 0),
(3, 'oppo', 'oppo.jpg', 0),
(4, 'Xiaomi', 'xiaomi.jpg', 0),
(5, 'Realme', 'realme.jpg', 0);

-- --------------------------------------------------------

--
-- Table structure for table `loaisanpham`
--

CREATE TABLE `loaisanpham` (
  `MaLoaiSanPham` int(11) NOT NULL,
  `TenLoaiSanPham` varchar(64) COLLATE utf8_unicode_ci DEFAULT NULL,
  `BiXoa` tinyint(1) DEFAULT 0
) ENGINE=InnoDB DEFAULT CHARSET=utf8 COLLATE=utf8_unicode_ci;

--
-- Dumping data for table `loaisanpham`
--

INSERT INTO `loaisanpham` (`MaLoaiSanPham`, `TenLoaiSanPham`, `BiXoa`) VALUES
(1, 'iphone', 0),
(2, 'Samsung', 0),
(3, 'Oppo', 0),
(4, 'Xiaomi', 0),
(5, 'Realmi', 0);

-- --------------------------------------------------------

--
-- Table structure for table `loaitaikhoan`
--

CREATE TABLE `loaitaikhoan` (
  `MaLoaiTaiKhoan` int(11) NOT NULL,
  `TenLoaiTaiKhoan` varchar(45) COLLATE utf8_unicode_ci DEFAULT NULL
) ENGINE=InnoDB DEFAULT CHARSET=utf8 COLLATE=utf8_unicode_ci;

--
-- Dumping data for table `loaitaikhoan`
--

INSERT INTO `loaitaikhoan` (`MaLoaiTaiKhoan`, `TenLoaiTaiKhoan`) VALUES
(1, 'User'),
(2, 'Admin');

-- --------------------------------------------------------

--
-- Table structure for table `sanpham`
--

CREATE TABLE `sanpham` (
  `MaSanPham` int(11) NOT NULL,
  `TenSanPham` varchar(45) COLLATE utf8_unicode_ci DEFAULT NULL,
  `HinhURL` varchar(45) COLLATE utf8_unicode_ci DEFAULT NULL,
  `GiaSanPham` int(11) DEFAULT NULL,
  `NgayNhap` datetime DEFAULT NULL,
  `SoLuongTon` int(11) DEFAULT NULL,
  `SoLuongBan` int(11) DEFAULT NULL,
  `SoLuocXem` int(11) DEFAULT NULL,
  `MoTa` text COLLATE utf8_unicode_ci DEFAULT NULL,
  `BiXoa` tinyint(1) DEFAULT 0,
  `MaLoaiSanPham` int(11) NOT NULL,
  `MaHangSanXuat` int(11) NOT NULL,
  `XuatXu` varchar(30) COLLATE utf8_unicode_ci NOT NULL,
  `NhaSanXuat` varchar(30) COLLATE utf8_unicode_ci NOT NULL
) ENGINE=InnoDB DEFAULT CHARSET=utf8 COLLATE=utf8_unicode_ci;

--
-- Dumping data for table `sanpham`
--

INSERT INTO `sanpham` (`MaSanPham`, `TenSanPham`, `HinhURL`, `GiaSanPham`, `NgayNhap`, `SoLuongTon`, `SoLuongBan`, `SoLuocXem`, `MoTa`, `BiXoa`, `MaLoaiSanPham`, `MaHangSanXuat`, `XuatXu`, `NhaSanXuat`) VALUES
(1, 'iPhone 11 128GB', 'iphone-11-128gb-black.jpg', 23990000, '0000-00-00 00:00:00', 200, 100, 300, NULL, 0, 1, 1, 'Việt Nam', 'Iphone'),
(2, 'iPhone 11 Pro Max 128GB', 'iphone-11-pro-256gb-black.jpg', 0, '0000-00-00 00:00:00', 0, 0, 0, NULL, 0, 1, 1, 'Việt Nam', 'Iphone'),
(3, 'iPhone 11 Pro 64GB', 'iphone-11-pro-black.jpg', 0, '0000-00-00 00:00:00', 1, 1, 1, NULL, 0, 1, 1, 'Việt Nam', 'Iphone'),
(4, 'iPhone 11 Pro Max 512GB', 'iphone-11-pro-max-512gb-gold.jpg', 1, '0000-00-00 00:00:00', 1, 1, 1, NULL, 0, 1, 1, 'Lào', 'Iphone'),
(5, 'iPhone 11 Pro 64GB', 'iphone-11-red.jpg', 0, '0000-00-00 00:00:00', 1, 1, 1, NULL, 0, 1, 1, 'Lào', 'Iphone'),
(6, 'iPhone Xs 256GB', 'iphone-xs-256gb-white.jpg', 1, '0000-00-00 00:00:00', 1, 1, 1, NULL, 0, 1, 1, 'Việt Nam', 'Iphone'),
(7, 'iPhone Xs 64GB', 'iphone-xs-gold.jpg', 1, '0000-00-00 00:00:00', 1, 1, 1, NULL, 0, 1, 1, 'USA', 'Iphone'),
(8, 'iPhone Xs Max 256GB', 'iphone-xs-max-256gb-white.jpg', 1, '0000-00-00 00:00:00', 1, 1, 1, NULL, 0, 1, 1, 'USA', 'Iphone'),
(9, 'iPhone Xs Max 64 GB', 'iphone-xs-max-gold.jpg', 1, '0000-00-00 00:00:00', 1, 1, 1, NULL, 0, 1, 1, 'USA', 'Iphone'),
(10, 'iPhone 7plus 32GB', 'iphone-7-plus-32gb-gold.jpg', 1, '0000-00-00 00:00:00', 1, 1, 1, NULL, 0, 1, 1, 'USA', 'Iphone'),
(11, 'Samsung galaxy A70', 'samsung-galaxy-a70-white.jpg', 1, '0000-00-00 00:00:00', 1, 1, 1, NULL, 0, 2, 2, '', '');

-- --------------------------------------------------------

--
-- Table structure for table `taikhoan`
--

CREATE TABLE `taikhoan` (
  `MaTaiKhoan` int(11) NOT NULL,
  `TenDangNhap` varchar(20) COLLATE utf8_unicode_ci DEFAULT NULL,
  `MatKhau` varchar(20) COLLATE utf8_unicode_ci DEFAULT NULL,
  `TenHienThi` varchar(64) COLLATE utf8_unicode_ci DEFAULT NULL,
  `BiXoa` tinyint(1) DEFAULT 0,
  `MaLoaiTaiKhoan` int(11) NOT NULL
) ENGINE=InnoDB DEFAULT CHARSET=utf8 COLLATE=utf8_unicode_ci;

-- --------------------------------------------------------

--
-- Table structure for table `tinhtrang`
--

CREATE TABLE `tinhtrang` (
  `MaTinhTrang` int(11) NOT NULL,
  `TenTinhTrang` varchar(45) COLLATE utf8_unicode_ci DEFAULT NULL
) ENGINE=InnoDB DEFAULT CHARSET=utf8 COLLATE=utf8_unicode_ci;

--
-- Dumping data for table `tinhtrang`
--

INSERT INTO `tinhtrang` (`MaTinhTrang`, `TenTinhTrang`) VALUES
(1, 'Đặt hàng'),
(2, 'Đang giao hàng'),
(3, 'Thanh toán'),
(4, 'Hủy');

--
-- Indexes for dumped tables
--

--
-- Indexes for table `chitietdondathang`
--
ALTER TABLE `chitietdondathang`
  ADD PRIMARY KEY (`MaChiTietDonDatHang`);

--
-- Indexes for table `dondathang`
--
ALTER TABLE `dondathang`
  ADD PRIMARY KEY (`MaDonDatHang`),
  ADD KEY `fk_DonDatHang_TaiKhoan1_idx` (`MaTaiKhoan`),
  ADD KEY `fk_DonDatHang_TinhTrang1_idx` (`MaTinhTrang`);

--
-- Indexes for table `hangsanxuat`
--
ALTER TABLE `hangsanxuat`
  ADD PRIMARY KEY (`MaHangSanXuat`);

--
-- Indexes for table `loaisanpham`
--
ALTER TABLE `loaisanpham`
  ADD PRIMARY KEY (`MaLoaiSanPham`);

--
-- Indexes for table `loaitaikhoan`
--
ALTER TABLE `loaitaikhoan`
  ADD PRIMARY KEY (`MaLoaiTaiKhoan`);

--
-- Indexes for table `sanpham`
--
ALTER TABLE `sanpham`
  ADD PRIMARY KEY (`MaSanPham`),
  ADD KEY `fk_SanPham_LoaiSanPham1_idx` (`MaLoaiSanPham`),
  ADD KEY `fk_SanPham_HangSanXuat1_idx` (`MaHangSanXuat`);

--
-- Indexes for table `taikhoan`
--
ALTER TABLE `taikhoan`
  ADD PRIMARY KEY (`MaTaiKhoan`),
  ADD KEY `fk_TaiKhoan_LoaiTaiKhoan_idx` (`MaLoaiTaiKhoan`);

--
-- Indexes for table `tinhtrang`
--
ALTER TABLE `tinhtrang`
  ADD PRIMARY KEY (`MaTinhTrang`);

--
-- AUTO_INCREMENT for dumped tables
--

--
-- AUTO_INCREMENT for table `hangsanxuat`
--
ALTER TABLE `hangsanxuat`
  MODIFY `MaHangSanXuat` int(11) NOT NULL AUTO_INCREMENT, AUTO_INCREMENT=7;

--
-- AUTO_INCREMENT for table `loaisanpham`
--
ALTER TABLE `loaisanpham`
  MODIFY `MaLoaiSanPham` int(11) NOT NULL AUTO_INCREMENT, AUTO_INCREMENT=11;

--
-- AUTO_INCREMENT for table `loaitaikhoan`
--
ALTER TABLE `loaitaikhoan`
  MODIFY `MaLoaiTaiKhoan` int(11) NOT NULL AUTO_INCREMENT, AUTO_INCREMENT=3;

--
-- AUTO_INCREMENT for table `sanpham`
--
ALTER TABLE `sanpham`
  MODIFY `MaSanPham` int(11) NOT NULL AUTO_INCREMENT, AUTO_INCREMENT=37;

--
-- AUTO_INCREMENT for table `taikhoan`
--
ALTER TABLE `taikhoan`
  MODIFY `MaTaiKhoan` int(11) NOT NULL AUTO_INCREMENT, AUTO_INCREMENT=6;

--
-- AUTO_INCREMENT for table `tinhtrang`
--
ALTER TABLE `tinhtrang`
  MODIFY `MaTinhTrang` int(11) NOT NULL AUTO_INCREMENT, AUTO_INCREMENT=5;

--
-- Constraints for dumped tables
--

--
-- Constraints for table `dondathang`
--
ALTER TABLE `dondathang`
  ADD CONSTRAINT `fk_DonDatHang_TaiKhoan1` FOREIGN KEY (`MaTaiKhoan`) REFERENCES `taikhoan` (`MaTaiKhoan`) ON DELETE NO ACTION ON UPDATE NO ACTION,
  ADD CONSTRAINT `fk_DonDatHang_TinhTrang1` FOREIGN KEY (`MaTinhTrang`) REFERENCES `tinhtrang` (`MaTinhTrang`) ON DELETE NO ACTION ON UPDATE NO ACTION;

--
-- Constraints for table `sanpham`
--
ALTER TABLE `sanpham`
  ADD CONSTRAINT `fk_SanPham_HangSanXuat1` FOREIGN KEY (`MaHangSanXuat`) REFERENCES `hangsanxuat` (`MaHangSanXuat`) ON DELETE NO ACTION ON UPDATE NO ACTION,
  ADD CONSTRAINT `fk_SanPham_LoaiSanPham1` FOREIGN KEY (`MaLoaiSanPham`) REFERENCES `loaisanpham` (`MaLoaiSanPham`) ON DELETE NO ACTION ON UPDATE NO ACTION;

--
-- Constraints for table `taikhoan`
--
ALTER TABLE `taikhoan`
  ADD CONSTRAINT `fk_TaiKhoan_LoaiTaiKhoan` FOREIGN KEY (`MaLoaiTaiKhoan`) REFERENCES `loaitaikhoan` (`MaLoaiTaiKhoan`) ON DELETE NO ACTION ON UPDATE NO ACTION;
COMMIT;

/*!40101 SET CHARACTER_SET_CLIENT=@OLD_CHARACTER_SET_CLIENT */;
/*!40101 SET CHARACTER_SET_RESULTS=@OLD_CHARACTER_SET_RESULTS */;
/*!40101 SET COLLATION_CONNECTION=@OLD_COLLATION_CONNECTION */;
